CollegeID,InternName
9128,Jordan Wade
67842,Austin Mccarthy
34647,Harold Rogers
978,Sandra Chandler
89224,Amber Hunt
93486,John Fuentes
2193,Joseph Harper
27685,Amber Bautista
66430,Justin Jones
74673,Samantha Fuller
32348,Gloria Cross
55648,Kathryn Sanchez
66762,Maria Duffy
98696,Mercedes Collins
43966,Jennifer Brewer
41974,Michael Pitts
41922,Kevin Baker
34378,Jeremy Davis
97980,Heather Heath
35769,William Wright
20569,Douglas Parks
46292,Tonya Scott
27847,Alexander Wright
4444,Juan Payne
43741,Rebecca Hodge
48809,Kyle Little
49482,Dr. Lindsey Holmes
27372,Joseph Gregory
73564,Barry Long
94554,Brittany Rodriguez
50536,Patricia Shaw
40143,Carrie Snyder
13661,Kelly Grant
55274,Martin Rocha
77779,Kimberly Jones
15229,Pamela Bowman
27294,Michelle Goodwin
55590,Daniel Martinez
79980,Nancy Jones
96148,Michelle Moore
77776,Travis Weber
69846,Jessica James
57595,Debra Reid
67792,Nicholas Cuevas
55336,Kevin Zimmerman
41282,Paul Smith
55835,Anthony Johnson
30553,Geoffrey Houston
91457,Katrina Novak
60290,Christine Ferrell
22383,William Rodriguez DVM
95419,Jerome Escobar
31308,Sue Webb
8862,Adam Johnson
37117,Jonathan Bullock
9127,Linda Crawford
24901,Joyce Lewis
98211,Crystal Arnold
19215,Emily Brown
58231,Tyler Giles
73751,Angela Trujillo
15798,Brooke Nichols
48331,Amy Lewis
96427,Julie Cortez
38380,Douglas Heath
84181,Lindsay Wilson
22038,Laurie Bernard
45273,Valerie Rosario
58982,John Morales
78772,Michael Wood
70945,Robin Hall
38783,Erika Pena
88548,Ashley Gonzalez
50853,James Long
65425,Marvin James
70835,Lauren Young
79755,Victoria Patel
15357,Julia Price
42432,Haley Anderson
2655,Mr. Nicholas Maldonado
64568,Ashley Schultz
63355,Todd Tate
38331,Christine Hill
78213,John Harding
75165,Matthew Greene
59352,Alexander Guzman
6489,Shelly Barber
78608,Brandon Stevens
73707,Jennifer Wright
41616,Tiffany Ray
55611,Amy Fernandez
8907,Robert Hill
22228,Kelsey Williams
58975,Melissa Green MD
91160,Scott Garcia DVM
67855,Brandon Mendez
63462,William Taylor DDS
44019,Daniel Goodman
5103,Jennifer White
64348,Anthony Lin
